{"radius": 15.0, "frequency": 3, "vertex_count": 46, "edge_count": 120, "face_count": 75, "strut_type_count": 3, "vertices": [[-7.885967, 10.854102, 6.708204], [-3.026612, 12.49732, 7.723769], [3.026612, 12.49732, 7.723769], [7.885967, 10.854102, 6.708204], [-6.053223, 8.331547, 10.906137], [0.0, 9.10593, 11.919817], [6.053223, 8.331547, 10.906137], [-3.026612, 4.165773, 14.088504], [3.026612, 4.165773, 14.088504], [0.0, 0.0, 15.0], [-12.759762, -4.145898, 6.708204], [-12.820932, 0.983406, 7.723769], [-10.950384, 6.740363, 7.723769], [-9.794321, -3.182368, 10.906137], [-8.660254, 2.813887, 11.919817], [-4.89716, -1.591184, 14.088504], [0.0, -13.416408, 6.708204], [-4.89716, -11.889542, 7.723769], [-9.794321, -8.331547, 7.723769], [0.0, -10.298358, 10.906137], [-5.352331, -7.366852, 11.919817], [0.0, -5.149179, 14.088504], [12.759762, -4.145898, 6.708204], [9.794321, -8.331547, 7.723769], [4.89716, -11.889542, 7.723769], [9.794321, -3.182368, 10.906137], [5.352331, -7.366852, 11.919817], [4.89716, -1.591184, 14.088504], [10.950384, 6.740363, 7.723769], [12.820932, 0.983406, 7.723769], [8.660254, 2.813887, 11.919817], [-12.820932, -7.348141, 2.57459], [-8.660254, -11.919817, 2.813887], [-3.026612, -14.464132, 2.57459], [3.026612, -14.464132, 2.57459], [12.820932, -7.348141, 2.57459], [8.660254, -11.919817, 2.813887], [-10.950384, 9.922731, 2.57459], [-6.053223, 13.480726, 2.57459], [6.053223, 13.480726, 2.57459], [0.0, 14.733704, 2.813887], [10.950384, 9.922731, 2.57459], [14.691481, -1.591184, 2.57459], [14.012585, 4.552965, 2.813887], [-14.012585, 4.552965, 2.813887], [-14.691481, -1.591184, 2.57459]], "faces": [[0, 4, 1], [4, 5, 1], [1, 5, 2], [5, 6, 2], [2, 6, 3], [4, 7, 5], [7, 8, 5], [5, 8, 6], [7, 9, 8], [10, 13, 11], [13, 14, 11], [11, 14, 12], [14, 4, 12], [12, 4, 0], [13, 15, 14], [15, 7, 14], [14, 7, 4], [15, 9, 7], [16, 19, 17], [19, 20, 17], [17, 20, 18], [20, 13, 18], [18, 13, 10], [19, 21, 20], [21, 15, 20], [20, 15, 13], [21, 9, 15], [22, 25, 23], [25, 26, 23], [23, 26, 24], [26, 19, 24], [24, 19, 16], [25, 27, 26], [27, 21, 26], [26, 21, 19], [27, 9, 21], [3, 6, 28], [6, 30, 28], [28, 30, 29], [30, 25, 29], [29, 25, 22], [6, 8, 30], [8, 27, 30], [30, 27, 25], [8, 9, 27], [32, 18, 31], [31, 18, 10], [33, 17, 32], [32, 17, 18], [33, 16, 17], [34, 16, 33], [22, 23, 35], [23, 36, 35], [23, 24, 36], [24, 34, 36], [24, 16, 34], [0, 38, 37], [3, 39, 2], [39, 40, 2], [2, 40, 1], [40, 38, 1], [1, 38, 0], [41, 39, 3], [42, 22, 35], [3, 28, 41], [28, 43, 41], [28, 29, 43], [29, 42, 43], [29, 22, 42], [44, 12, 37], [37, 12, 0], [45, 11, 44], [44, 11, 12], [45, 10, 11], [31, 10, 45]], "edges": [[0, 1], [0, 4], [0, 12], [0, 37], [0, 38], [1, 2], [1, 4], [1, 5], [1, 38], [1, 40], [2, 3], [2, 5], [2, 6], [2, 39], [2, 40], [3, 6], [3, 28], [3, 39], [3, 41], [4, 5], [4, 7], [4, 12], [4, 14], [5, 6], [5, 7], [5, 8], [6, 8], [6, 28], [6, 30], [7, 8], [7, 9], [7, 14], [7, 15], [8, 9], [8, 27], [8, 30], [9, 15], [9, 21], [9, 27], [10, 11], [10, 13], [10, 18], [10, 31], [10, 45], [11, 12], [11, 13], [11, 14], [11, 44], [11, 45], [12, 14], [12, 37], [12, 44], [13, 14], [13, 15], [13, 18], [13, 20], [14, 15], [15, 20], [15, 21], [16, 17], [16, 19], [16, 24], [16, 33], [16, 34], [17, 18], [17, 19], [17, 20], [17, 32], [17, 33], [18, 20], [18, 31], [18, 32], [19, 20], [19, 21], [19, 24], [19, 26], [20, 21], [21, 26], [21, 27], [22, 23], [22, 25], [22, 29], [22, 35], [22, 42], [23, 24], [23, 25], [23, 26], [23, 35], [23, 36], [24, 26], [24, 34], [24, 36], [25, 26], [25, 27], [25, 29], [25, 30], [26, 27], [27, 30], [28, 29], [28, 30], [28, 41], [28, 43], [29, 30], [29, 42], [29, 43], [31, 32], [31, 45], [32, 33], [33, 34], [34, 36], [35, 36], [35, 42], [37, 38], [37, 44], [38, 40], [39, 40], [39, 41], [41, 43], [42, 43], [44, 45]], "strut_groups": [{"type": "A", "length": 5.229232, "count": 30, "edges": [[0, 1], [0, 4], [0, 12], [0, 37], [0, 38], [2, 3], [3, 6], [3, 28], [3, 39], [3, 41], [7, 9], [8, 9], [9, 15], [9, 21], [9, 27], [10, 11], [10, 13], [10, 18], [10, 31], [10, 45], [16, 17], [16, 19], [16, 24], [16, 33], [16, 34], [22, 23], [22, 25], [22, 29], [22, 35], [22, 42]], "color": [0.9058823529411765, 0.2980392156862745, 0.23529411764705882]}, {"type": "B", "length": 6.053223, "count": 40, "edges": [[1, 2], [1, 4], [1, 38], [2, 6], [2, 39], [4, 7], [4, 12], [6, 8], [6, 28], [7, 8], [7, 15], [8, 27], [11, 12], [11, 13], [11, 45], [12, 37], [13, 15], [13, 18], [15, 21], [17, 18], [17, 19], [17, 33], [18, 31], [19, 21], [19, 24], [21, 27], [23, 24], [23, 25], [23, 35], [24, 34], [25, 27], [25, 29], [28, 29], [28, 41], [29, 42], [31, 45], [33, 34], [35, 42], [37, 38], [39, 41]], "color": [0.20392156862745098, 0.596078431372549, 0.8588235294117647]}, {"type": "C", "length": 6.186172, "count": 50, "edges": [[1, 5], [1, 40], [2, 5], [2, 40], [4, 5], [4, 14], [5, 6], [5, 7], [5, 8], [6, 30], [7, 14], [8, 30], [11, 14], [11, 44], [12, 14], [12, 44], [13, 14], [13, 20], [14, 15], [15, 20], [17, 20], [17, 32], [18, 20], [18, 32], [19, 20], [19, 26], [20, 21], [21, 26], [23, 26], [23, 36], [24, 26], [24, 36], [25, 26], [25, 30], [26, 27], [27, 30], [28, 30], [28, 43], [29, 30], [29, 43], [31, 32], [32, 33], [34, 36], [35, 36], [37, 44], [38, 40], [39, 40], [41, 43], [42, 43], [44, 45]], "color": [0.1803921568627451, 0.8, 0.44313725490196076]}], "hubs": {"0": {"position": [-7.8859666817870036, 10.854101966249686, 6.708203932499369], "normal": [-0.5257311121191335, 0.723606797749979, 0.4472135954999579], "valence": 5, "connected": [1, 4, 12, 37, 38]}, "1": {"position": [-3.0266115925139827, 12.497320428674136, 7.723768793219024], "normal": [-0.20177410616759886, 0.8331546952449425, 0.514917919547935], "valence": 6, "connected": [0, 2, 4, 38, 5, 40]}, "4": {"position": [-6.053223185027965, 8.331546952449425, 10.9061365501891], "normal": [-0.4035482123351977, 0.5554364634966283, 0.7270757700126066], "valence": 6, "connected": [0, 1, 7, 12, 5, 14]}, "12": {"position": [-10.950383612460035, 6.740363073964388, 7.723768793219024], "normal": [-0.7300255741640024, 0.44935753826429253, 0.514917919547935], "valence": 6, "connected": [0, 4, 11, 37, 14, 44]}, "37": {"position": [-10.950383612460035, 9.922730830934462, 2.5745895977396747], "normal": [-0.7300255741640024, 0.6615153887289642, 0.17163930651597833], "valence": 4, "connected": [0, 12, 38, 44]}, "38": {"position": [-6.053223185027965, 13.480726147928774, 2.574589597739675], "normal": [-0.4035482123351977, 0.898715076528585, 0.17163930651597833], "valence": 4, "connected": [0, 1, 37, 40]}, "2": {"position": [3.0266115925139827, 12.497320428674136, 7.723768793219024], "normal": [0.20177410616759886, 0.8331546952449425, 0.514917919547935], "valence": 6, "connected": [3, 1, 6, 39, 5, 40]}, "3": {"position": [7.8859666817870036, 10.854101966249686, 6.708203932499369], "normal": [0.5257311121191335, 0.723606797749979, 0.4472135954999579], "valence": 5, "connected": [2, 6, 28, 39, 41]}, "6": {"position": [6.053223185027965, 8.331546952449425, 10.9061365501891], "normal": [0.4035482123351977, 0.5554364634966283, 0.7270757700126066], "valence": 6, "connected": [3, 2, 8, 28, 5, 30]}, "28": {"position": [10.950383612460035, 6.740363073964388, 7.723768793219024], "normal": [0.7300255741640024, 0.44935753826429253, 0.514917919547935], "valence": 6, "connected": [3, 6, 29, 41, 30, 43]}, "39": {"position": [6.053223185027965, 13.480726147928774, 2.574589597739675], "normal": [0.4035482123351977, 0.898715076528585, 0.17163930651597833], "valence": 4, "connected": [3, 2, 41, 40]}, "41": {"position": [10.950383612460035, 9.922730830934462, 2.5745895977396747], "normal": [0.7300255741640024, 0.6615153887289642, 0.17163930651597833], "valence": 4, "connected": [3, 28, 39, 43]}, "7": {"position": [-3.0266115925139827, 4.165773476224713, 14.088504307159175], "normal": [-0.20177410616759886, 0.2777182317483142, 0.9392336204772784], "valence": 6, "connected": [9, 4, 8, 15, 5, 14]}, "9": {"position": [0.0, 0.0, 15.0], "normal": [0.0, 0.0, 1.0],