{"radius": 15.0, "frequency": 2, "vertex_count": 26, "edge_count": 65, "face_count": 40, "strut_type_count": 2, "vertices": [[-7.885967, 10.854102, 6.708204], [0.0, 12.759762, 7.885967], [7.885967, 10.854102, 6.708204], [-4.635255, 6.379881, 12.759762], [4.635255, 6.379881, 12.759762], [0.0, 0.0, 15.0], [-12.759762, -4.145898, 6.708204], [-12.135255, 3.942983, 7.885967], [-7.5, -2.436898, 12.759762], [0.0, -13.416408, 6.708204], [-7.5, -10.322864, 7.885967], [0.0, -7.885967, 12.759762], [12.759762, -4.145898, 6.708204], [7.5, -10.322864, 7.885967], [7.5, -2.436898, 12.759762], [12.135255, 3.942983, 7.885967], [-12.135255, -8.816779, 0.0], [-4.635255, -14.265848, -0.0], [4.635255, -14.265848, -0.0], [12.135255, -8.816779, 0.0], [-12.135255, 8.816779, 0.0], [-4.635255, 14.265848, 0.0], [4.635255, 14.265848, 0.0], [12.135255, 8.816779, 0.0], [15.0, 0.0, 0.0], [-15.0, 0.0, 0.0]], "faces": [[0, 3, 1], [3, 4, 1], [1, 4, 2], [3, 5, 4], [6, 8, 7], [8, 3, 7], [7, 3, 0], [8, 5, 3], [9, 11, 10], [11, 8, 10], [10, 8, 6], [11, 5, 8], [12, 14, 13], [14, 11, 13], [13, 11, 9], [14, 5, 11], [2, 4, 15], [4, 14, 15], [15, 14, 12], [4, 5, 14], [17, 10, 16], [16, 10, 6], [17, 9, 10], [18, 9, 17], [12, 13, 19], [13, 18, 19], [13, 9, 18], [0, 21, 20], [2, 22, 1], [22, 21, 1], [1, 21, 0], [23, 22, 2], [24, 12, 19], [2, 15, 23], [15, 24, 23], [15, 12, 24], [25, 7, 20], [20, 7, 0], [25, 6, 7], [16, 6, 25]], "edges": [[0, 1], [0, 3], [0, 7], [0, 20], [0, 21], [1, 2], [1, 3], [1, 4], [1, 21], [1, 22], [2, 4], [2, 15], [2, 22], [2, 23], [3, 4], [3, 5], [3, 7], [3, 8], [4, 5], [4, 14], [4, 15], [5, 8], [5, 11], [5, 14], [6, 7], [6, 8], [6, 10], [6, 16], [6, 25], [7, 8], [7, 20], [7, 25], [8, 10], [8, 11], [9, 10], [9, 11], [9, 13], [9, 17], [9, 18], [10, 11], [10, 16], [10, 17], [11, 13], [11, 14], [12, 13], [12, 14], [12, 15], [12, 19], [12, 24], [13, 14], [13, 18], [13, 19], [14, 15], [15, 23], [15, 24], [16, 17], [16, 25], [17, 18], [18, 19], [19, 24], [20, 21], [20, 25], [21, 22], [22, 23], [23, 24]], "strut_groups": [{"type": "A", "length": 8.197996, "count": 30, "edges": [[0, 1], [0, 3], [0, 7], [0, 20], [0, 21], [1, 2], [2, 4], [2, 15], [2, 22], [2, 23], [3, 5], [4, 5], [5, 8], [5, 11], [5, 14], [6, 7], [6, 8], [6, 10], [6, 16], [6, 25], [9, 10], [9, 11], [9, 13], [9, 17], [9, 18], [12, 13], [12, 14], [12, 15], [12, 19], [12, 24]], "color": [0.9058823529411765, 0.2980392156862745, 0.23529411764705882]}, {"type": "B", "length": 9.27051, "count": 35, "edges": [[1, 3], [1, 4], [1, 21], [1, 22], [3, 4], [3, 7], [3, 8], [4, 14], [4, 15], [7, 8], [7, 20], [7, 25], [8, 10], [8, 11], [10, 11], [10, 16], [10, 17], [11, 13], [11, 14], [13, 14], [13, 18], [13, 19], [14, 15], [15, 23], [15, 24], [16, 17], [16, 25], [17, 18], [18, 19], [19, 24], [20, 21], [20, 25], [21, 22], [22, 23], [23, 24]], "color": [0.20392156862745098, 0.596078431372549, 0.8588235294117647]}], "hubs": {"0": {"position": [-7.8859666817870036, 10.854101966249686, 6.708203932499369], "normal": [-0.5257311121191335, 0.723606797749979, 0.4472135954999579], "valence": 5, "connected": [1, 3, 7, 20, 21]}, "1": {"position": [0.0, 12.7597621252806, 7.8859666817870036], "normal": [0.0, 0.8506508083520399, 0.5257311121191335], "valence": 6, "connected": [0, 2, 3, 4, 21, 22]}, "3": {"position": [-4.635254915624212, 6.379881062640301, 12.7597621252806], "normal": [-0.3090169943749474, 0.42532540417602, 0.8506508083520399], "valence": 6, "connected": [0, 5, 1, 4, 7, 8]}, "7": {"position": [-12.13525491562421, 3.9429833408935027, 7.8859666817870036], "normal": [-0.8090169943749475, 0.26286555605956685, 0.5257311121191336], "valence": 6, "connected": [0, 6, 3, 8, 20, 25]}, "20": {"position": [-12.135254915624213, 8.816778784387097, 0.0], "normal": [-0.8090169943749475, 0.587785252292473, 0.0], "valence": 4, "connected": [0, 7, 21, 25]}, "21": {"position": [-4.635254915624212, 14.265847744427305, 4.894295404726577e-16], "normal": [-0.3090169943749474, 0.9510565162951535, 3.2628636031510507e-17], "valence": 4, "connected": [0, 1, 20, 22]}, "2": {"position": [7.8859666817870036, 10.854101966249686, 6.708203932499369], "normal": [0.5257311121191335, 0.723606797749979, 0.4472135954999579], "valence": 5, "connected": [1, 4, 15, 22, 23]}, "4": {"position": [4.635254915624212, 6.379881062640301, 12.7597621252806], "normal": [0.3090169943749474, 0.42532540417602, 0.8506508083520399], "valence": 6, "connected": [2, 5, 1, 3, 14, 15]}, "15": {"position": [12.13525491562421, 3.9429833408935027, 7.8859666817870036], "normal": [0.8090169943749475, 0.26286555605956685, 0.5257311121191336], "valence": 6, "connected": [2, 12, 4, 14, 23, 24]}, "22": {"position": [4.635254915624212, 14.265847744427305, 4.894295404726577e-16], "normal": [0.3090169943749474, 0.9510565162951535, 3.2628636031510507e-17], "valence": 4, "connected": [2, 1, 21, 23]}, "23": {"position": [12.135254915624213, 8.816778784387097, 0.0], "normal": [0.8090169943749475, 0.587785252292473, 0.0], "valence": 4, "connected": [2, 15, 22, 24]}, "5": {"position": [0.0, 0.0, 15.0], "normal": [0.0, 0.0, 1.0], "valence": 5, "connected": [3, 4, 8, 11, 14]}, "8": {"position": [-7.500000000000002, -2.4368977217467975, 12.7597621252806], "normal": [-0.5000000000000001, -0.16245984811645314, 0.8506508083520399], "valence": 6, "connected": [5, 6, 3, 7, 10, 11]}, "11": {"position": [0.0, -7.8859666817870036, 12.7597621252806], "normal": [0.0, -0.5257311121191335, 0.8506508083520399], "valence": 6, "connected": [5, 9, 8, 10, 13, 14]}, "14": {"position": [7.500000000000002, -2.4368977217467975, 12.7597621252806], "normal": [0.5000000000000001, -0.16245984811645314, 0.8506508083520399], "valence": 6, "connected": [5, 12, 4, 11, 13, 15]}, "6": {"position": [-12.7597621252806, -4.145898033750315, 6.708203932499369], "normal": [-0.8506508083520399, -0.276393202250021, 0.4472135954999579], "valence": 5, "connected": [7, 8, 10, 16, 25]}, "10": {"position": [-7.5, -10.3228644035338, 7.8859666817870036], "normal": [-0.5000000000000001, -0.6881909602355867, 0.5257311121191336], "valence": 6, "connected": [6, 9, 8, 11, 16, 17]}, "16": {"position": [-12.135254915624213, -8.816778784387097, 0.0], "normal": [-0.8090169943749475, -0.587785252292473, 0.0], "valence": 4, "connected": [6, 10, 17, 25]}, "25": {"position": [-15.0, 0.0, 0.0], "normal": [-1.0, 0.0, 0.0], "valence": 4, "connected": [6, 7, 16, 20]}, "9": {"position": [0.0, -13.416407864998739, 6.708203932499369], "normal": [0.0, -0.8944271909999159, 0.4472135954999579], "valence": 5, "connected": [10, 11, 13, 17, 18]}, "13": {"position": [7.5, -10.3228644035338, 7.8859666817870036], "normal": [0.5000000000000001, -0.6881909602355867, 0.5257311121191336], "valence": 6, "connected": [9, 12, 11, 14, 18, 19]}, "17": {"position": [-4.635254915624212, -14.265847744427305, -4.894295404726577e-16], "normal": [-0.3090169943749474, -0.9510565162951535, -3.2628636031510507e-17], "valence": 4, "connected": [9, 10, 16, 18]}, "18": {"position": [4.635254915624212, -14.265847744427305, -4.894295404726577e-16], "normal": [0.3090169943749474, -0.9510565162951535, -3.2628636031510507e-17], "valence": 4, "connected": [9, 13, 17, 19]}, "12": {"position": [12.7597621252806, -4.145898033750315, 6.708203932499369], "normal": [0.8506508083520399, -0.276393202250021, 0.4472135954999579], "valence": 5, "connected": [13, 14, 15, 19, 24]}, "19": {"position": [12.135254915624213, -8.816778784387097, 0.0], "normal": [0.8090169943749475, -0.587785252292473, 0.0], "valence": 4, "connected": [12, 13, 18, 24]}, "24": {"position": [15.0, 0.0, 0.0], "normal": [1.0, 0.0, 0.0], "valence": 4, "connected": [12, 15, 19, 23]}}}